yil,sayilar,baslik,yazar_ve_unvan_ham,strandlar,terimler,txt_satir
1929,73-84,muvaffakiyetlerini temenni eyler.,Kürsan / Sudanda:,,,424
1929,73-84,habı husule gelir. Hastalık pasajla intikal edemez.,Nakıli: / Döşanör. A. Müfhat / Dişi esterlerde doğum vak'aları:,,,940
1929,73-84,Revgirin Emasında Sivri Ecsami / Ecnebiye Vakayıi,Baytar K: Yüzbaşı Dr. Üveis Mashar / Başmuavin,,,1479
1929,73-84,Bir Katırda Adenokarsinom Vak'ası,Necip riza / Askeri Baytar Tatbikat Mektebi,,,2769
1929,73-84,Ehli Hayvanlarda Rüyet Hakim / bir hismidir ?,E. Nikolas / Türkçeye çeviren: Sıtkı Abdullah,,,2940
1929,73-84,Köpeklerde insülin ve saire / tecrübesi hakkında,Mehmet Ali / Birinci kolordu kimyakeri Binbaşı,,,3406
1929,73-84,Yazan Baytar yüzbaşı,Dr Pertev Hikmet,S3,baytar,3662
1929,73-84,ARAP atlarının sicilleri Amerika nesilnamesi ve büyük / Biritanya umumi nesilnamesinden ahzolunmuştur / — a ot / Çiçek Aşısı - (Neuro Vaccin),"Bakteriyoloğ Yüzbaşı / Refik Ahmet / Şimdiye kadar bildiğimiz usül veçhile, Doğurmamış",,,4146
1929,73-84,BELEDİYE SALHANELERİ KÜŞADI / IÇIN FRANSADA NİZAMAT VE / TALIMAT,"Muallim M, Azmi / ezbaha ; tabiri mefhum itibarile' dogru degildir ; / MEZBAH demelidir... Selhhane ( — yüzülecek ev )",S0,mezbaha/salhane,4270
1929,73-84,— Öldürücü kazalardan içtinap ederek yaşamak —,NİKOAS Türkçeye çeviren : Yüzbaşı : / SITKI APVULLAH / Hayvanlar yaşamak için harekete mecburdurlar .,,,4750
1929,73-84,dahinin üfulü / Berlin 321,Dresten - Leipzig Baytar mektebi profesörlerinden olan Giessen,,,5602
1929,73-84,Beygirde Tüberkülos.,Baytar Kd. Yüzbaşı / M. Turgut,,,5691
1929,73-84,(B. Enteritis Rreslaviense.),"Dr. R. Berge tarafından / Güvercinlerde Paratyphus Bakterileri ( B. Enteritidis / breslaviense) ile vukua gelen intan , ",,,5889
1929,73-84,Feresiyyede Voronof gençlik aşısı / tecrübesi .,"Baylar Kd, Yüzbası Vahli / Fırka 14 hayvan hastanesi Mütahassısı",,,6527
1929,73-84,Bızırın Istisalı Ameliyesi / ( Clitorideetomie ),"Türkçeye çeviren / Walther Lehmann Silk Abdullah / Her yaşta ve her ırkta. görülen Cünunugılmet, kıs -",,,6631
1929,73-84,Baytari İlk Rontken Fotoöratı,Türkçeye çeviren / Dr. Marlin Weiser Sitajiyer. Mülâzum / Şevket Kemal,S3,baytar,6767
1929,73-84,Pasteur müessisesinde Malleinin / sureti ihzarı.,Refik Ahmet / Pasteur de takip edilen tarzı arzetmeden evel bu,,,6816
1929,73-84,Ön ve arka ayaklarda . kaf'ıveter / ameliyesi ve ikisi arasında mukayese.,Ayak hastalıkları ve Nalbândi / Muallimi Kaymakam / Ali,,,7865
1929,73-84,Havsala Kesirleri.,Kd. Yüzbaşı Rıtat Şükrü / Cerrahiye. Başmuavini,,,8067
1929,73-84,208 Askeri Tıbbr' Bâytari Mecmtiası / mM,Dr. Biitner Seksiyon esnasında aldığı bir intanı- Askeri / cerhi neticesi olarak pek genç yaşında velat etmiştir. / Muma,S3,baytar,9190
1929,73-84,"Uyuz hakkında tedabir, korunma / Seraiti ile zabıtai sıhhiyesi / ERE EŞ AARINEN LEA İARREKAKI",K. Yüzbaşı / Memduh / Başmuavin,,,9735
1929,73-84,". Muharrirleri / Coguot, Degois, Lesbouyries",Türkçeye çeviren / M.Sıtkı / Cerha tedavisinde sütten istiiade hakkındaki Gastel,,,11032
1929,73-84,Baytar Kayınakam Hüseyin bey 313-B11 / B Binbaşılıktan Kaymakamlığa terii edenler:,"Baytar oOBinbaşı Reşat elendi 327-9 / İbrahim : 326-11 / Haydar , 323-11",S3,baytar,11182
1929,73-84,"Kıymeti 45 mark ( 22,5 ) liradır.",Dr. UÜ. Mashar / Askeri / tıbbı baylar,,,11315
1929,73-84,Köpekte enteresan bir fıtkimağbeni,Dr. Hacki ve Necip: Riza,,,11336
1929,73-84,Ortasından basit vetam olarak / kırılan kitii kemiği .,Baytar kd. Yüzbaşı Vahdi / Süvari Fırka 14 hayvan hastanesi Cerrahiye / Mütehassisi.,,,11436
1929,73-84,(Veridi ve Tahtelcildi),"Türkçeye çeviren: / E, Darraspen ve J. Cuill€ Sabri / Bu son on senenin fenni tedaviye ait en mühim",,,11555
1929,73-84,Pertev Hikimet,Tercüme / Vak'a / Tercüme,,,12738
1929,73-84,Tercume / Vak'a / Vak'a,Tercüme / Şuun / ”,,,12931
1930,85-96,Bir Keçide Kayser ameliyesi / (SECTİO CAESARLA),"Dr. Haekl ve Necip / 8.3.9080 tarihinde Ask, Bay. Ttb. Mp Hariciye kı— / liniğine üç Yaşında bir malta kecisi berveçhi z",,,1432
1930,85-96,EN / Fotozoometri,Zootekni Mütehasısı / A Mühat / Fotograf ıslah ve teksiri hayvanatta vesaik ve,,,3011
1930,85-96,REN ŞE al gz / Ecnebi matbuat hulâsaları:,"Tercüme eden ; Bakt. İBRAHİM / Beattie, Zahi Morvos et Peden; Bümmayı ku — / lainin tarzı sirayeti:",,,3112
1930,85-96,Eenebi ceraildi hulasaları:,Türkçeye çeviren : / Kaym. İbrahim / Remlinger et Bally: Horozun Kuduzu (*),,,4612
1930,85-96,Dört ayaklı bir Civciv w,Baytar Kd. Yüzbaşı Dr. Üveis Mashar / Teşrihi Marazi Başmuavini,,,4739
1930,85-96,Azmı kademde Kesri muhtelit ve / infisali zılf vakası,"Baytar K. Yüzbaşı Dr. Cevat / 11, F. Hayvan hastanesi Cerrahi / Mütehassısı",,,5609
1930,85-96,Genç hayvanatta ani tahassul eden had / intifahı Rie vak'aları,Doktor Necip Rıza / Beygirlerde zuhur eden intifah Rienin bazı mes- / lektaşlarca yalnız müzmin ve tedrici teşekkül öden,S0,hayvanat,5930
1930,85-96,"koliken des pferdes, Wiener tieraermztliche Monatsehrift, / Heft 8 9. 1929, i","1. V, Hay. Hastanesi dahiliye / Mütehassısı By. Kd. YZB.",,,7036
1930,85-96,"Yazan: / 1. V, Hay. Hastanesi dahiliye / Mütehassısı By. Kd. YZB.",Dr. Pertev Hikmet / GURMLU BİR BEYGİR / SERUMUNDAN KAÇIRILIRMI ? (,,,7039
1930,85-96,nesvünema ve kamet üzerine tesiratı / bi,C Picado Tercüme eden : / v BAKT.M. V.,,,7624
1930,85-96,Hifzıssıhha mutahassısı.,Dr. Saim / Hikemi ve kimyevi. usullere ilâveten maddeli gı- / daiyenin safiyet ve tazeliginin kontrolu mikroskopla,,,9035
1930,85-96,Cerrahi mütehassısı Baytar binbaşı Necip / beyin genç hayvanatta ani tahassül eden / had intifahürree unvanlı makalesine cevap,9. Ko. Baş bayt. / ve Dahiliye Mu.,S0;S3,baytar;hayvanat,10322
1930,85-96,Cümlece  malümdür ki. celikler pahalıdır. ve karbon,4 zevratını havı olduklarından daima serttir ve bervechi / ii atı mahzurları câmidir;,,,10524
1930,85-96,Fransada ve Amerikada tavuk miktarı ile / yumurta hasılatı. Yumurtaların / soğukta muhafazası.,Tercüme eden ; / Sabri / Kümes hayvanatının ıslah ve teksiri ve yumurta,,,12012
1930,85-96,Bezli Kebet ameliyesi ve teşhisteki yardımı.,Baytar Kd. Yzb / Dr. Üveis Mashar (*),,,12095
1930,85-96,Keçilerde Staphylococ ile tehassul / eden mastitis,Dr. Hackl — Necip / Son senelerde keçilerin sağım mevsiminde mü—,,,13234
1930,85-96,Fransada ve Amerikada tavuk miktarı ile / yumurta hasılatı. Yumurtaların / soğukta muhafazası.,Tercüme eden : / Sabri / (Geçen nüshadan mabaat ),,,13525
1930,85-96,risiyesinden gördüğüm arkadaş ve meslekdaşca mua— / venetede bilhassa müteşekkirim. İstikbalde dahi mes— / lekdaşlarımı daima samimi olarak hatırlıyacağım:,Dr. Hacki / eker / tıbbı baytari,,,14835
1930,85-96,Merhum Miralay Tahsin Bey Ef. nin,Tercümei hali / 322 senesinde Askeri baytar mektebinin beşinci / sınıfında birinci mülâzım olarak nişan ve 323 de sınıf,,,14979
1930,85-96,Klinik ve Hastanede mesai.,Viyana Dahiliye Kliniğinde / Baytar Kd. Yüzbaşı / Dr. med. vet. M. Turgut.,,,15393
1930,85-96,Yazan: Viyana Dahiliye Kliniğinde / Baytar Kd. Yüzbaşı,Dr. med. vet. M. Turgut. / Bu unvan altında mütekâmil bir nümunede klinik / ve hastanenin mahiyetini ve yalınız alâkadar,S3,baytar,15397
1930,85-96,Muallım Baytar Miralay Hasan Tahsin Beyfendi,Kıdemli Yüzbaşı / Baytar,S3,baytar,15545
1930,85-96,"nır , halıları ve yastıkları yırtar. Bu vakta kadar yine / muti ve okşanır. Birden bire kaçar ve hayali eşyalara / kücum eder . İşte bu zamanda ses değişir.",Muallim Bouley kuduz köpeğin av'avesini böylece / tavsif eder : | / 346... . Askeri Tıbbı Baytari Mecmuası,,,16020
1930,85-96,Bulaşıcı hastalıklar Laboratuvarı / mesaisinden / Muallım Baytar Miralay Hasan Tahsin Beyfendi,Kıdemli: Yüzbaşı / Baytar,S3,baytar,16969
1930,85-96,Beygirlerde Gurm mücadelesinde ve / Taharrisinde yeni neticeler,Wiyana Dahiliye kilniginde / Şevket Kemal / Dünyanın kısmı azamını istila eden Curm vakaları —,,,17525
1930,85-96,etmiş ve herkesi tecrübelere sevk etmiştir. Professer,Dr. Richters 60 hayvanda yaptıgı tecrübeleri şu suret— / te anlanmaktadır. / Filitre edilmiş Curm kıyhı ile ve Curma müp,,,17574
1930,97-111,Mis iliy. la Mp; / CERRAHİ MUALLİMİ,"Dr. Necip / MERKEZİ İTALYADA BENEVENTO'DA bülu— / nan S.A,İ.M. şirketinin O Hürkiye umum mümessili",,,99
1930,97-111,KUDUZ ve FORMOLLU KUDUZ AŞISI / Bulaşıcı hastalıklar Laboratuvarı / mesaisinden,Muallim Miralay Hasan Tahsin Beyfendi / Yazan / Kıdemli Yüzbaşı,,,607
1930,97-111,"BEYGİR 'TUBERKULOSUNDA / (Literatür, Kilinik ve Tecrübe Neticeleri )",Wiyana Dahiliye kilniginde / Şevket Kemal / Robert Koch Tuberkulos basilini keşf etmeden bir,,,787
1930,97-111,Bulaşıcı hastalıklar Laboratuvarı / mesaisinden,Muallim Miralay Hasan Tahsin Beyfendi / Yazan / Kıdemli Yüzbaşı,,,2422
1930,97-111,Seferde İngiliz Ordusu Vezaifi / Baytariyesi,"» Baytari Hidematı Sıhhiye Muallimi, / Kaymakam / 0. Zeki",S3,baytar,3237
1930,97-111,. Erkek - kediler kastrasiyon / olurmu?,Türkçeye çeviren Baytar Herman walter Hükümet / Kaymakamı Muallim Baytari,,,5186
1930,97-111,Gourme da Antivirustherapie,Bakteriyoleji / M. V. İbrahim / Baytari Serum ve Aşı Müessisesinin muhtelif müstahza-,,,5248
1930,97-111,Ordu Hayvanatı emrazı cildiyesinde pomatlarin / yerine patların ikamesi,İbrahim Nami / Emrazı cildiyenin ve hassatan topuk mafsalı nevahisinde,S0,hayvanat,6120
1930,97-111,2 Nisau 1981 de mektebimiz müntesibini ilk Yüksek,"Baytar Mektebi namına Dahiliye Müdürü ve Asistan beylerle,",,,6279
1930,97-111,At yarışları ve yarışlarda mevsime / göre tahmil edilecek siklet.,Muallim / Key. Ali / İlk bahar mevsimi yarışcılığın en faal devridir. Bunu,,,6335
1930,97-111,"Bildirdiğimiz üzere bunların arasında bazıları toksin rabike, / bazıları da maafiyetin na temamiyetine isnad olunur. Bununla / beraber bir çok ahvalde bilhassa tedavi esnasında husul bulan / felelerin sebebini toksin rabikte aramalıdır. (Bitmedi)",Baytar Kaymakamı Galatalı merhum / Mehmet Ali beyin tercümei hali.,,,7761
1930,97-111,Gebeliğin teşhisi,Çeviren : Sabri,,,8378
1930,97-111,Bir Beygirde Kolonun iki defa tam / (52x360) devri. ©,Baytar Kd. Yüzb. Dr. Üveis Mashar / Teşrihi Marazi Başmuavini.,,,9467
1930,97-111,MATBUATI ECNEBİYE HULÂSALARI:,Çeviren : İbrah m Nami.,,,10605
1930,97-111,— Alamancasından tercemedir —,Dr. med. vet. M. Turgut / Fiziyoloji kitaplarında beygir ve diğer hâyvanatta kah,,,10906
1930,97-111,Bakteriyofaj,By. Bak. Ser. ve aşı evi / laboratuar şefi,,,11626
1930,97-111,( Eski ve yeni usuller ),"Mual.. Kay, Ali",,,12920
1930,97-111,Birinci beynelmilel Bay- | Hamburg'da 14 | 18 Temmuz / tari tebabet kongresi. i 1863'de toplanmış ve Stutgart,Baytar mektebi müdürü Edvar Hering riyeset etmiştir. İçtimada,,,14042
1930,97-111,"As. Bay, Ttb, Mk, R“ teriyoloji Laboratuvarı mesaisinden / B. .eriyoloji Muallim vek ', Kaymakam Ibrahim",Bakteriyoloji: muavini / BAY. YÜZB. SADRİ,,,15178
1930,97-111,"fihristini de ihtiva etmektedir. Fiyatı: 27,40 Marktır.",Dr. M. Turgut / Hatıralara hörmet:,,,17165
1930,97-111,"Muhterem Beyefendiler, / Ankarada Etlik müessesesinde hazırlamış olduğum vebayı / bakariye karşı yeni ve dayanıklı bir aşının İstanbulda yüksek","Baytar mektebinde Pendik Bakteriyoloji . İnstitüsü müdürü / Şefik, e Baytar mektebi EN ve Bakteriyoloji mü",S3,veba (hayvan),17391
1930,97-111,— Aİ ——- / Yaraların tedavileri münasebetiyle,"Dr, Necip / Hariciye xmuallimi / Encümeni ilmi riyaseti aliyyesine:",,,20530
1930,97-111,Garnizonlarda atlı kıtaat ahurlar: ve havvanatı / zalıştırma tarzlaiı nasıl olmalıdır,Kaymakam / Osman Zeki / Baytari hidematı sıhhiye muallimi,,,20622
1930,97-111,Bir idman usulü ve sıklet tabelesi,Muallim Kay. Ali / Yarı JE İ,,,21086
1930,97-111,tayini münasebetile irat ettiği nutuktan:,"Türkçeye çeviren: / Dr. med. vet, Şevket Kemal, / Viyana tıbbi Kliniğinde",,,22105
1930,97-111,Hatıralara hörmet:,Mütekait . baytar Mra. Neşet Bey.,,,22403
1930,97-111,M. M. V. Bay. Bakt. Serum ve Aşı evi şefi,"Dr. Süreyya Tahsin Beyin Almanyada yaptığı / doktora tezidir. / Alamanca, bakaratın marazı sarii reevisi — Lungenseuche",S3,serum/aşı (hayvan),22590
1930,97-111,Psödolösemi vak'ası,"Dr. M. Turgut / İntani hastalıklar muallimi / Lösemi, vücutta lökosit yapan ensaçtan müteşekkil uzvi",,,26523
1930,97-111,HATIRALARA HÖRMET:,Mütekait Raytar Mra. Mustafa kâmıl Bey,,,27138
1930,97-111,“dua buyumralarını istirham eylerim.,Baytar Kaymakam Abdüsselâm Beyin vefatı,,,27415
1932,112,Şarbunun muaddel Giemza usulü ile teşhisine / dair bir müşahede,Dr.M.Turgut / İntaniye muallimi / Cenap,,,129
1932,112,Dr.M.Turgut,İntaniye muallimi / Cenap / Muavin Yüzb.,,,132
1932,112,Amputatian durch das vorderkni bei einer kuh.,Tercümedir. (| / Muallim Kay. Ali / Üç yaşında bir inek on gün mukaddem ön sol ayak dizi-,,,481
1932,112,Tercümedir. (|,Muallim Kay. Ali / Üç yaşında bir inek on gün mukaddem ön sol ayak dizi-,,,484
1932,112,Mukaddeme,Baytar Yüzbaşı / Rıza Eşref / Teşrihimarazi Muavini,,,761
1932,112,"Lâtif Bey,Aşının hastalıklı köylerde serumla teşviki lehinde / fikir yürütmüş ve itlâfın kalkmamasını ileri sürmüştür.","Bakteriyoloğ Yüzbaşı Sadık Bey, Veba virusunun teaddüdü",,,2640
1932,112,lümat istemitir.,Bakteriyoloğ Yüzbaşı Refik Bey; Veba virusunun teaddüdü,,,2645
1932,112,hanelerine elzem bir müracaat kitabıdır.,Dr. M. Turgut / Askkri Tıbbi Baytari Mecmua ) / Yeni reisimiz Mra. muhterem Sadettin Bey Bi,,,4805
1932,112,nin ve son mesai arkadaşlariyle beraber . çıkarmış. oldukları / fotoğraflarını ve hal tercümelerini aşağıya derç ediyoruz: / Ahmet Vefik Paşa Hazretleri 16-Kânunusani-311 tarihinde,Baytar Mülâzimi evvelliğiyle Mektepten neşet ederek bir / Askeri tıbbi Baytari Mecmuası,,,4880
1932,112,rı mesai etmişlerdir. Aynı zamanda Askeri Baytar Tatbikat / Mektebi ile Eltik oAaskeri Baytar Baktariyoloji serum ve aşı / evinin ihtiyacatını asrın tekâmüllerine uyacak bir surette / tatmin ettirmiş ve Yüksek Baytar Metebinden çıkan genç,"Baytar Zabitlerinin, bir sene As. By Ttb. Mp. inde, iki sene",S3,baytar;serum/aşı (hayvan),4980
1932,113,tiği muhtelif at ırklarile bu ırklarda görülen / faide ve mazarratlar',Kay. Osman Zeki / Askeri Baytar Tatbikat mektebi baytari / hidematı sıhhiye muallimi,,,37
1932,113,hinden muteberendir.,Muallim Miralay Ali Besim beyfendi,,,5588
1933,114,TEDERRÜN ve ETLERİN SURETİ / MUAYENELERİ,Mütekait Baytar Kaymakamı / Muallim Mehmet Azmi,,,52
1933,114,Yazan: / Mütekait Baytar Kaymakamı,"Muallim Mehmet Azmi / (İstanbul-Karaağaç Mezbahası) / Tederrün, memleketimizde bilhassa sığır hayvanları ara-",S3,baytar,56
1933,114,teşekkül şerç vak'ası / Memduh.,bulaşıcı hastalıklar / mütehassısı Kd. Yzb.,,,2139
1933,114,Muallim; Zühtü bey / Hayvanatı İeresiyede / MEAİ EMRAZI TUFEYLİYE,muavin / Adil Azmi / Taksimat:,S0,hayvanat,3426
1933,114,"On Yedinci Içtıma / 16 İkinci Teşrin 1832 Çarşanba saat 14,30 da Zootekni / Enstitüsünde verilen Konferanslar / 1) Orduda, ziraatta ve sporda motör ve hayvan rekabeti.","Dr, Çiki / 2) Türkiye'de dalak epidemileri ve mücadele vasıtaları / münakaşasına devam.",S1,zootekni,4926
1933,114,ridemizle meslektaşlarıma bilmukabele arzı tebrikât ettiğimi / ve daima sıhhat ve muvaffakiyyetlerine düaci bulunduğumu / yazarsanız çok müteşekkir kalacağımıda ayrıca arz eylerim ef.,Mütekait Baytar Mirliva / A; Vefik,,,5060
1933,114,"şiddetli, / derecede / ihüzaz / yoksa; Ç.",Baytar nezareti / altında bulundurmak / hizmete mümkünse,,,5192
1933,115,(Metninde renkli bir tablo vardır),"Dr. M, Turgut / İntaniye ve Bakteriyoloji muallimi / Muhterem Beyler! (#|",,,53
1933,115,"Dr. M, Turgut","İntaniye ve Bakteriyoloji muallimi / Muhterem Beyler! (#| / Mevzuumuz, Şarbonun sür'at ve emniyetle teşhisi  unva-",,,56
1933,115,"Klinik şefi: Dr. Prof, NECİP RIZA / BİRİNCİ SÜLLAÂM KESİRLERİ",Kadri İzzet / Mukaddeme:,,,552
1933,115,tufeylâattan: Calandra granartia |.,Dr. H. Şükrü / Arpa muayenesi meslekten uzak: olanların zan ettikleri,,,1255
1933,115,"ür. Ameliyattan 15 gün sonra buğada kuvvetli bir arzuyu / şehvani başlamış ve 13 inek aşmıştır, fakat hiç birisi gebe / kalmadı",Dr Velu Doppler üsulünü bir çok hayvanlar üzerinde tec- / rübe etti. / 1923 te doğmuş ve 1928 9 kadar vazifesini yapmış ,S0,inek,1817
1933,115,Kasablanka zootekni servisinin taharriyat loboratuvar şefi,Dr. Velu (| bu mes'ele hakkında şayanı dikkat bir makale / neşretmiştir. / Aşağıda bu makalenin can noktalarını,S1,zootekni,1912
1933,115,kında bir tetkik / —— O e —,"Tercüme eden / Prof. Dr, Necip Rıza / Viyanada çıkan Wiener Tierarztliche oMonatsschrıft mec-",,,1983
1933,115,Bakaratın dahamevi iltihabı em'ası amili üzerinde,Baytar yüzbaşı / NM. Sadeddin / Dahamevi iltihabı ema namı verilen bu hastalık bakarata,,,2621
1933,115,As. Baytar tatbikat mektebi dahiliye kliniği mesaisinden:,Muallim Zühtü Bey / Hayvanatı fersiyede / MEAİ EMRAZI TUFEYLİYE,S3,baytar,2785
1933,115,MEAİ EMRAZI TUFEYLİYE / (geçen nüshadan kalan),muavin / Adil Azmi / Hey'eti umumiyesi on bel'aya taksim ve günde üç adet.,,,2793
1933,115,Henüz Almanyada tecrübesi yapılmaktadır. Muvaffakıyet / görülmekte ve Sklerostomlar için tavsiye olunmaktadır. Prof.,Dr. Grafin v.Linden isminde «biri terkip ve tertip etmiştir.,,,3023
1933,115,"ŞARBONDA TEŞRİHİ AFATIN EHEMMİYETİ, / TEKTIRNAKLILARDA TAHALİN  İŞTİRÂK / DERECESİ ve ŞARBONLU KADAVRALARI / AÇMAMAK İÇİN KIYMETLİ BİR USUL.(*)","Muallim V. Baytar Binbaşı / Dr, ÜVEİS MASHAR, / Turgul beyin kıymetli mesaisini bu ilmi toplantıda bize",S3,şarbon/karakabarcık,3614
1933,115,Yazan : Muallim V. Baytar Binbaşı,"Dr, ÜVEİS MASHAR, / Turgul beyin kıymetli mesaisini bu ilmi toplantıda bize",S3,baytar,3617
1933,115,"ziyaret etmişler ve heyet reisi tarafından hatıratını taziz için / söz söyledikten sonra ruhuna fatihalar okunmuştur. 2 Nisan / 983 de de Mektebimiz Müdürü, Muallim, Mektebimizin tekaut / olmuş sabık muhterem muallimleri mensbini ve yüksek","Baytar Mektebi Müdür, Müderris, omnavin, heyeti idare,",,,4498
1933,116,Ameliyatı cerrahiyei baytariye Mra. Yusuf Ziya Bey.,Muallim Kay. Necip Beyin notları. / v — e e —,S3,baytar,921
1933,116,DAHİLİ EDİMME OLARAK AŞILAN- / MIŞ HAYVANLARDA PRESİPİ- / TASYON TEA AMÜI Ü / Bakteriyoloji muavini,Baytar Yüzbaşı Cenap / (Bakteriyoloji ihtisas tezi olarak hazırlanmıştır) / Mukaddeme,,,938
1933,116,"BİR BEYGİRDE NEMATODLARDAN / «SP, MEGASTOMA» MÜTEVELLİT / MÜZ. İLT. MİDE","LX.K.O.Hyv.Hastanesi / Bnb.Dr, Ali Hadi / Mülehassısı K. Yzb. Dr. Ceval",,,3920
1933,116,Saip Ali / Üsküdar 9-8-933 Cerrah Baytar / Doktora nedir? ne zaman başlamıştır? nasıl yapılır? ve,Doktor kime derler?,S3,baytar,4187
1933,116,Türk ziraatci ve baytarları arasında umumi harp esnasında / Cumhuriyet Hükümeti tarafından berayi ihtisas Avrupaya / gitmiş olanlardan oralarda bugün bizim de kabul ettiğimiz / aynı nizamat dahilinde Doktora yapmiş olanlar mevcuttur.,Doktor olmamak ilimce geri bulunmak demek olmadığı,S3,baytar,4341
1933,117,"«İntaniye şubesinde ihtisas tezi olmak üzere hazırlanmıştır» / Cenap Kâzim,","İntaniye muavini: Baytar Yüzbaşı. / Çiçek ve difteri, dünyanın heman her tarafında tavuklar",,,96
1933,117,CYSTİCERCUS BOVİS.,Mütekait Baytar Kaymakam / Muallim Mehmet Azmi,,,1461
1933,117,"den dolayı, pek çok olduğunu bildiriyor. Dr. Böyer, Suriyede / ve bilhassa Berutta görmüştür. Peroncito (1871) ye göre,",Dr. Marsh ve Levy ye nazaran Florans ve Venedikte çoktur.,,,1528
1933,117,Tavuk çiçek— difterisinde hastalardan alınan / mahsulatla tedavi üzerine tecrübeler / (otovaksinasyon).,Erzurum müstahkem mevki koşulu / Tbb. baytarı Kd. Yzb.,,,2114
1933,117,SADRIN CANİBİ CERHASI NETİCESİ / BİR ESTERDE (PARA PELEURAL) / APSE TEŞEKKÜLÜ,Dr. Saip Ali / Cerrah baytar,,,2796
1933,117,"mesaiyi yapan zata ait bulunduğunu ve esasen Raif Beyin / verdikleri literatürde de bu mesainin gösterilmiş olduğunu, / yanlış telekkiye meydan bırakmamak üzere, müdekkiklerin / nazarı dikkatlerine arz ederim.",İntaniye muallimi / Dr. M. Turgut / 5,,,3480
1933,117,"bir seri Sai, mucip Öiabilir ki bu arat ittifakla Spa e / len bazı seriri tipler meyanınâ girer.",Dr. Dariyet kitabında ciltte husule gelen teamülatı şöyle / izah ediyor: / (1 Ekzemanın esas afeti Malpiki tabakai muhat,,,3859
1934,118,İnteressante Beobachtung in einem Fall der / Beschaelseuçhe / By. Bnb.,Dr. Ali Hadi / Ix. K.O.Hy. Hst. mütehassısı / 20/10/933 tarihinde Erzurum aygır deposuna ait damızlık,,,198
1934,118,mektedir.,Dr.Med.Vet G Uebeleden Neosalvarsan dahili verid. ve,,,809
1934,118,ZTYOLOJİ VE TEDAVİSİNDE / YENİLİKLER / Bnb.,"Dr, P. Hikmet / 3, K. O. Hyv. Hst. Dah. Mths. / oglen asırda köpeklerin kıymeti ve mevkii çok",,,3017
1934,118,"4, — Hastalığın asabi şekillerinde omnadinin şafi tesiri / görülmemiş teneffüs ve hazım yollarındaki hastalık arazının / hafiflemesi ise enzar üzerinde mühim bir rol oynayamamıştır.",Dr. P. Hikmet / ww —— / Literatür,,,4102
1934,119,Vactivite psychigue çhez les animaux / İnstinet et İntelligence,Dr : Vörinaire L. Bretegnier / Force et matiere L. Buhner / Les enigmes de Uunivers,,,1715
1934,119,YENİ İLAÇLAR HAKKINDA BİR MÜTALAA / VE / PANTOCAİNE,"Dr. Necip Riza / As, By. Ttb. Mp, Cerrahi muallimi",,,1732
1934,119,(ihtisas tezi olarak hazırlanmıştır ),Orhan / Literatür :,,,2052
1934,120,Beilraege zur Mallein-Lidprobe bei der Roizdiagnose,İntani Hastalıklar muallimi Dr. M. Turgut / e ötedenberi Ruam'ın teşhisi ve bu,,,58
1934,120,» Mallein Göz Teamüllü Üzerinde Tetkikler / Studien über Mallein - Augenprobe,İntaniye mütehaşsısı Kaymakam M. Kâmil / ( İhtisas tezi olarak hazırlanmıştır ). / Mahiyeti ve sureti tahassulü — Ruam v,,,1024
1934,120,Ayak hastalıkları ve fenni nalbandi laboratuvarı mesaisinde:,Muallim ; Kaymakam . Ali Bey / Muhtelif Usullerle Ökçedarlığı Tedavisi / Über die verschiedenartige Behandlung des Zwang,,,2599
1934,120,Muhabere Köpekleri ve Muarızları,Baytar Dr. Hikmet Şakir / Bu başlık altında söylemek istediğim şey; tarihin zapt,,,3385
1934,120,Geçen ders senesi içinde mektepte umuma mahsus olarak / tertip edilen aşağıda yazılı konferanslar verilmiştir :,Muallim Kay. Ali Bey tarafından Krapo üzerinde ve mu-,,,4671
1934,120,Muallim Kay. Necip Bey uzun zamandan beri devam eden / yaz yarası ve bir gözde teşekkülü ceditli iki mevzu üzerinde / konferans vermiş ve teşhisi tefrikiler yapmıştır.,Muallim Dr. Üveis Mashar Bey tarafından bir esterde,,,4679
1934,120,Muallim Dr. Üveis Mashar Bey tarafından bir esterde / kıhıf kaidesinde tesadüf ettiği Osteoklastik bir kanser vak'ası / üzerinde tebligatta bulunulmuş ve kanser hakkında umumi / malümat verilmiştir.,Muallim Dr. M. Turgut Bey tarafından Antiviruslar ve,,,4684
1934,120,Budapeşte Baytar Fakültesi / Şimdiye kadar yüksek mektep halinde bulunan Budapeşte,"Baytar mektebi, Macaristan hukümetinin yeni bir kanunile",S3,baytar,4715
1934,121,A. Rıza / Nazmi / Nedim / Veysi,Baytar Kaymakam A. Hamdi Bey (323—1) / (822—11) / (823—2 ),,,3880
1934,121,"$ Ankara Baytar fakültesinden bu sene dokuz efendi mezun / olmuştur. Bunlardan Remzi, Turgut, Bahri, Şahap, Zühtü, / Mahfuz efendiler askeri, Baha, Fikri, Avni efendiler sivil",Baytar olarak çıkmışlardır. Meslek hayatında muvaffakiyet- / lerini dileriz.,S3,baytar,4016
1934,121,"$ Büyük Millet Meclisi, 18 Haziran 1934 tarihli içtimaında",Baytar kelimesi yerine Veteriner kelimesinin kabulü mese-,,,4021
1934,121,lesini müzakere etmiştir. Muhterem mebuslardan bir kısmı / Veteriner kelimesinin kabulü lehinde fikir beyan etmişlersede / mukabil olarak ileri sürülen fikirler neticesinde Baytar yerine,Veteriner kelimesi kabul edilmemiş ve Baytar kelimesi / kalmıştır.,S3,baytar;veteriner,4025
1935,122,Hayvan Bakımında Tırnak ve Ehemmiyeti / Über Hufpflege beim Pferd,"Muallim By. Kay. Ali Karatleniz / Tırnak, hayvanın vucudunu teşkil eden azadan en mü-",,,113
1935,122,Nuttalliose beim Pferde und die Behandlung / durch Trypaflavin,İntaniye Muallimi Dr. M. Turgut,,,1262
1935,122,Beygirlerde Piroplazmoz Müşahedeleri / Les cas divers de piroplasmose chez les cheveaux,İntani hastalıklar muallim muavini Br. Yzb. Zeki Öktem / Mecmuamızın son 121 inci sayısında Konyada Hayvan,S3,piroplazmoz/teileri,2474
1935,122,Yeni Kanser Vak'aları / Some Recent Cases of Cancer,"Çeviren: / G. P, Hynes Dr. M. Turgut / The Veterinary Record",,,3075
1935,122,sütlerin santralize edilmesi esas olmakla beraber ahırların / muayenesinin de ihmal edilmemesi /âzımgeldiğini ve sütlerin / hayvandan santrale gelinceye kadar kontrol ve emniyete / alınmasının da lüzumlu olduğunu ilave etti.,Baytar muallim Üveis Mashar professörün sütle geçen hasta-,S4,ahır,3900
1935,122,"$ Fransanın Alfort Baytar mektebi profesörlerinden ve / beynelmilel tanınmış bir alim olan Profesör P. J. Cadiot 21 / İlkteşrin 1934 tarihinde ölmüştür. Profesör Cadiot, Alfort","Baytar mektebinde Cerrahiye, Sağlık Zabitası ve Dahiliye",S3,baytar,4085
1935,123,Beygirde iki Distomatoz vak'ası / Leberogelbefall bei zwei Pferden.,"Muallim v. By. Bnb. 'Dr.'Üveis Maskar / ""araciğer distomuna (Distomum hepaticum) ot yiyen / & hayvanlar arasında bazan d",,,295
1935,123,"Beygirde Fahiz - Muştulkadem hablinin kopması, / Zerreissung des Peroneus terlius beim pferd","Baytar Cerrah Dr. Saib Ali / ahiz - muştulkadem: habli, feresiye hayvanatında fahiz- / . kasaba-mebaz mafsalını o suretd",,,1098
1935,123,Koşu atlarının iş hıfzıssıhhası / Hygiöne du travail des chevaux de course,Baytar Bnb. Veysi / (Başı 121 inci sayıdadır.) / H,,,1362
1935,123,münasebetile / Bemerkungen über Piroplasmose der neuimporttierlen Pferde,"Baytar Bnb. MI, Emin / Mecmuamızın 1-Şbt-985 tarih ve (122) sayılı nüshasının",,,2368
1935,123,Beygirde tırnak bakımı / Hufpflege beim Pferd,Muallim Bay. Yarbay Ali Karadeniz / Bu hususu izaha girişmezden evvel şunu söyleyeyimki,,,2440
1935,123,Action favorble de la cocaine et de ses succödanös dans / Çövolullon de  guelgues affections du cheval,Çeviren : / Marvcenac et Carnus Sabri Yener / Bulletin de ('academie,,,2903
1935,123,Glomerulonephritis / Chronic diffus: Glomerulonephrilis in a horse,"Çeviren: / Hincher, Olafson Dre. Turgut Argun / The Cornell Veterinarian",,,3161
1935,123,ruhlarımızda daha büyük i abi ü iSini i / 7 aha büyük manevi abideler yükseldiğini / etmişlerdir. ili Şi İŞ,"Muallim Necib Zobu, bilhassa ilim ölülerinin kudsiyetin-",,,4175
1935,123,"münasebetle Üniversitenin merasim salonunda eski Rektör / Profesör Dr. Bugen Fischer, rektörlük alâmetlerini mutad / merasimle Profesör Krügere tevdi etmişdir. Almanyanın büyük / bir Üniversitesinde Rektörlük mevkii bu suretle genc bir",Baytar Profesörü tarafından kazanılmış bulunuyor. / Ş Berlin Baytarlar cemiyetinin Şubat 1935 toplantısında,,,4208
1935,124,"Über die Einteilung von Brüchen sowie sieben  Faelle / von inneren Brüchen bei Einhufern,",Muallim V. By. Bnb. Dr. Üveis Maskar / « Beygirde nadir şekilde iki Eventrasyou vak'ası » (|,,,944
1935,124,"Hygiöne du Iravail des chevaux de course,",Baytar Bnb. Veysi / HI / (Sön),,,2444
1935,124,"Un nouveau vaccin conire la peste bovine; / Le virus saponine,","Çeviren: / M. G. Curasson Dr. Turgut Argun / Bull. Pacad. Vet. No. 5,",,,4238
1935,124,sus olarak verilen konferanslar şunlardır :,Muallim Albay 0.Z. Yüceyalçın tarafından savaş gazları,,,5182
1935,124,Muallim Albay 0.Z. Yüceyalçın tarafından savaş gazları / üzerinde bir konferans verilmiş ve bir beygire maske tatbiki / gösterilmiştir.,"Muallim N. Zobu, bir kısrakda ikiz doğum müşahedesi",,,5186
1935,124,"Muallim N. Zobu, bir kısrakda ikiz doğum müşahedesi / bildirmiş, insan ve hayvanlardaki fazla doğumlar hakkında / malümat vermiştir.","Muallim vekili Dr. Hadi, hasta bir kediye burun yolu ile",,,5190
1935,125,Literatür,Dr.phil.1.Meyer: der gaskampf und die chemisehen / kompfstoffe / Dr.R.Hanslian: der ehemische krieg,,,1629
1935,125,Infektiöse Bronchitis der Pferde. — Bronchile infecticuse du / cheval — İnfectious bronchilis of the horse.,İntaniye muallimi Dr. Turgut Argun,,,1651
1935,125,"Transport und. unschacdliche Besciligung von Tierleichen / und Zerlegüngsrückstaenden sowie cin Wagenmuster / zum Transporl von zerlegten Kadavern,","Muallim By.Bnb, Dr. Üveis Maskar.",,,2506
1935,125,Kuduzda muhtelif muafivet usullerinin / mukayesesi üzerinde tecrübeler.,Baytar Bnb. Bakteriyolog Dr. Sabri Baki Wrsoy / (Pasteur) ün insan ve hayvanlarda kuduza karşı koruyucu,,,3331
1935,125,"fından bir tören yapılmış ve mektep direktörü Tuğgeneral / Nurettin Önal, Kemal Cemilin meziyetlerinden bahsetmiş ve",Bakteriyolog By. Yüzbaşı Sadettin de Pasteur Enstitüsündeki / çalışmalarını anlatmış ve hatırası taziz edilmiştir.,,,5009
1935,125,30/8/935 tarihinden muteberen birer derece yükselen,"Baytar Erkân, üstsubay ve subayları. / By.İş.D. Başkanı Tuğgeneral / Sadettin Savgan. (314-10) o Tümgeneralliğe.",,,5177
1936,126,"Über die Veraenderung des Blutbildes sowie die Behandlung / mit <Acaprin» bei der Anaplasmose,",İntaniye Muallimi By. Bnb. Dr. Turgut Argun / Mall bilhassa marginale nevinden mütevellit,,,1196
1936,126,Saemtliche hier angeführte Versuche wurden mit von,Dr. Weinberg (İnstitut pasteur) an uns abgegebenem: Stamm,,,1922
1936,126,"'tehassısıdir. Kadrosunda 'aymca onbir asistan, bir eczacı / teğmen vebir nalbantbaşı vardır. Hastane binası bir katlı, / küçük ve fakat muntazamdır. Siyantifik kuruluş itibarile / İstanbuldaki süel baytar tatbikat mektebinden biraz geridir.",Baytar stajiyer subayların çalışmaları ve dinlenmeleri için,S3,baytar,2191
1936,126,Askeri Baytar Tatbikat Mektebi Marazi Teşrih Şubesinden :,Muallim : By. Bnb. Dr. Üveis Maskar / Beygirde bir Hydronephrose vak'ası üzerinde. / Über einen Fall von Hydronephrose b,S3,baytar,2705
1936,126,"Junggeburth — Az tesadüf edilen bir kryptorehismus / vak'ası. Tiernerziliche Rundschau, N. 44, 1935.",şimdiye kadar yaptığı yüzlerce bu ameliyeden 1935 Mayısında / tesadüf ettiği bir vakadan bahsediyor.,,,4091
1936,126,İstanbul K. hayvan hastanesi İç hastalıklar mütehassısı,Baytar Binbaşı Dr. Hikmet Sezer Milli Müdafaa Bakanlığının,,,4462
1936,126,"Fakültenin profesörlerinden bir kısmını Almanyadan seçmiş / ve Alman hükümetinden istemiştir. Bunlar arasında Profesör / Hans Dahmen Baytar fakültesi başkanlığına ve profesörlüğüne / seçilmiş olduğu gibi Dr. Grau (Leipzig) teşrih profesörlüğüne,",Dr. Luy (Hannover) Fizyoloji ve Farmakoloji profesörlüğüne,S3,baytar,4581
1936,127,Lebersteinbefund bei einem Pferd.,Muallim By. Bnb. Dr. Üveis Maskar.,,,1552
1936,127,Sur Lepizoolie de Gourme en 1935.,Baytar Binbaşı Bakteriyolog Refik Yetkin,,,2120
1936,127,"Les gaz de combat au point de vue vötörinaire,","Muallim Albay Osman Zeki Yüceyalçın / Ülkemizde görenek olan çok vakıt açıkda bulundurulan / hayvan o besinlerinden ot, ",,,2299
1936,127,(M.M.V. Baytar İşleri Daire Başkanlığından ),"Baytar Fakültesi Doçentlerinden Bay Samuel Aysoy bu / defa kütüphanemize üç yeni eser daha hediye ettiler, Bu",S3,baytar,4811
1936,128,Bir köpekde yapılan: bitri rahim |,"Muallim Dr. Necib Zobu / pi rahim. Bitri: rahim, Amputatio Uteri, Amputation / de PUtörus, Gebârmutter amputation, Die A",,,139
1936,128,"salgını, Nezfi iltihabı midii maai, köpek vebası, köpek ütüsü / gibi muhtelif isimlerle literatürde yazılmış olan bü hastalığın / memleketimizde de mevcudiyetini ilk evvel Müderris Rıza / İsmail (1928 de) bir vak'a ile haber vermiş ve Baytar Binbaşı",Muallim Dr. Ali Hadi ve Dr; Üvcis Maskar da (1985 de) mubte-,S3,baytar;veba (hayvan),347
1936,128,larda bir'arıza bulamayınca daha dakik muayeneleri için / hayvanı askeri baytar tatbikat mektebine gönderdi. Burada,Muallim Bnb. Bay Zühdü ile hayvana larengoskopi -yapıldı.,S3,baytar,689
1936,128,dımcı olmuşlardır. Bunlar arasında Baytarlardan Ministerialrat,"Dr. Giese, Oberstveterinaer Dr. Hansmann ( Berlinde polis",S3,baytar,4252
1936,128,"dımcı olmuşlardır. Bunlar arasında Baytarlardan Ministerialrat / Dr. Giese, Oberstveterinaer Dr. Hansmann ( Berlinde polis / köpeklerini üretme ve öğretme devlet müessesesinin şefi ), / Profesör Dr. Klein, Hükümet himayei hayvanat cemiyetinden","Dr. Korkhaus ve profesör Dr. Stang bulunmaktadır, Cemiyet",S0;S3,baytar;hayvanat,4255
1936,129,"Zur Behandlung der F ferdepiroplasınose / durch Acaprin « Bayer »,",İntaniye muallimi By. Bnb. Dr. Turgut Argun.,,,146
1936,129,"astigmat hal, “ufki nısfınnehar üzerinde diğer 9 u kaimi / nıstınnehar üzerinde görülmüştür.",Baytar TERVOERİ 294 beygir gözü muayene etmiş / bunlardan : / “Yüzde nisbeti,,,1362
1936,129,"Istanbulda tavuk Spirochetozu üzerinde bir görüm / Weiltere Beobachtung von Hühnersp'rochaelose in Istanbul,","İntaniye muavini By. Yzb, Zeki Öktem",,,1788
1936,129,"La Yuberculose,",Muallim Yzb. Sadettin Yarar. / Ön Söz,,,2966
1936,129,"Türkiye'den birisi Prof. Dr. Sprehn ile Dr. Üveis Maskar, / diğeri Dr. Süreyya Tabsin Akgün tarafından olmak üzere iki / ilmi mesai gönderilmiş ve birincisini kongrada Üveis Maskar / bizzat tebliğ etmiş, ikincisini de S.T. Aygüne vekâleten Prof.",Dr. Beller okumuştur. Kongrada Ü. Maskardan başka Pendik,,,4648
1936,129,"mıştır. Bilhassa fabrikanın ampül ve tablet ilâçlar kısmında / görülen çalışma sistemi çok nazara çarpmıştır. Türk Hekim,",Baytar ve Dişçilerinden de bu davete iştirak edenler olmuş,,,4713
1937,131,Cenup vilâyetlerimizde bulunan muhabereciliğe / elverişli Güvercinler.,Baytar Binbaşı Bakteriyolog Dr. Sabri Baki Ersoy.,,,138
1937,131,"Sur les recherches de Trypanosomiase en Turgüle,",Muallim Bnb. . Dr. Turgut Argun ve Muavin Yzb. “Zeki Öktem / Hatay mıntakasındaki süvari beygirlerinde Fransız Bay- / ta,,,2887
1937,131,mizle mukayesesi üzerinde bir mutalaa:,Muallim Dr. Necip Zobu. / 1984/1935 senesinde Almanyada hayvanlardan husule gelen,,,3458
1937,131,Über einen Fall von Kryptorehismus beim H,"Muallim By. Bnb, Dr. Üvcis Maskar. / “ Erkek tenasül guddelerinin neşvünemasına ait bir yl",,,3508
1937,131,Fen şehitlerimiz Muallim Bakteriolog Ahmed ile muavini / Bakteriolog Hüdai'nin 10 uncu yıl dönümü münasebetile Askeri,Baytar Tatbikat mektebinde bir ihtifal yapılmıştır. Hüdai'nin,,,4583
1937,131,"Aujeszky hastalığı, Gerlage ve Sechiweinburg. 395 / ya kademin tebdili mahallinin tesb'ü, Röntgen Genime etresile, ve / vischnjakoff ve Krulonwky, 176 / Jawtar tackilat Wi","Baytar toşkilatı, Sovyet Rüsyada, Cuinburg, 74. / Baytar teşkilatı, bulgaristanda, /t1ss0/f, 75 / Bayt ar istatistiği, F",,,5202
