kayit_id,strand,ilgi_derecesi,kaynak_turu,yayin_adi,tarih,sayi,sayfa,sutun,baslik,yazar,tur,eslesen_terimler,yer_adlari,kisi_kurum,ozet,kisa_alinti,erisim_yeri,goruntu_dosyasi,durum,not
GA0001,S1;S2;S3,1,gazete,Ulus,1939-01-22,,7,,"Türkiye'de bir sene içinde hava ve ziraat vaziyeti: Ziraat Vekâleti geçen yıla ait güzel bir rapor neşrediyor",,resmi rapor,"hayvancılık; sığırcılık; boğa/buğa; inek; damızlık; şap; şarbon; tüberküloz; ruam; yem; ağıl; hayvan telefatı","Ankara; Konya; Çıldır; Arpaçay; Göle; Trakya; Bursa; Balıkesir; Çubuk; Eskişehir; Diyarbakır; Mardin; Urfa; Sultansuyu; Çifteler; Çukurova","Ziraat Vekâleti; inekhaneler; haralar; aygır depoları","Ziraat Vekâleti'nin zirai vaziyet servisinin 1938 yılı raporu. Hayvancılık bölümü: hafif kış ve yem/ağıl hazırlığı sayesinde bu yıl telefat görülmediği, geçen yıl yem ve ağıl hazırlıksızlığı yüzünden 1,5 milyon koyun-keçi kaybedildiği; şap hastalığının aşiretler ve süreklerle yayıldığı; şarbon, tüberküloz, ruam mücadelesi. Sığırcılık işleri: inekhanelerden köylere 94 boğa, Çıldır-Arpaçay-Göle'de 15 bin inek damızlığa seçildi, Şark sarı ırkından 400 boğa satıldı, Trakya'da 7 bin inek tescil edildi ve 100 boğalık büyütme çiftliği açıldı.","Bu hastalık bilhassa aşiretler ve kontroldan kaçan süreklerle intikal etmiştir. / İnekhanelerden 94 baş boğa köylere dağıtılmıştır.",https://www.gastearsivi.com/gazete/ulus/1939-01-22/7,,bulundu,"OCR; 'buğa' biçimi metinde; Çubuk-Ankara-Eskişehir hattında tüberküloz mücadelesi (168 köy, 42.450 hayvan, 541 hayvan itlaf). Rapor üç ayda bir yayımlanacak denmiş: sonraki raporlar aranmalı."
GA0002,S0;S1;S2,2,gazete,Ulus,1939-02-22,,9,,"KÖYCÜLÜK XXI: Eti devrinde köy ekonomisi",H. Reşit Tankut,makale (dizi),"köy ekonomisi; sığır; inek; öküz; davar; hayvancılık; koyunculuk; narh","Anadolu","Albrecht Götze; Hititler","Tankut'un 'Köycülük' dizisinin 21. yazısı. Götze'ye dayanarak Hitit köy ekonomisinde hayvan yetiştirmenin merkezi yerini, Hitit kanunlarındaki hayvan, et ve deri narh cetvellerini aktarıyor; Anadolu'nun 'step ve yayla memleketi' olarak tarihsel süreklilikle köy ekonomisine dayandığını ve kalkınmanın buna uygun olması gerektiğini savunuyor.","Eti köylüleri sapana öküz koşarlar ve inekle keçiyi süt için beslerlerdi. / Madem ki Anadolu bir stepler ve yaylalar memleketidir. Oradaki zirai iktisat elbetteki tipini o iklime uyduracaktır.",https://www.gastearsivi.com/gazete/ulus/1939-02-22/9,,bulundu,"Dizi numarası XXI: önceki ve sonraki 'Köycülük' yazıları Ulus'ta aranmalı. Kongre sonrası köy kalkınması tartışmasının bir parçası (son paragraf)."
GA0003,S2;S0,2,gazete,Ulus,1939-02-14,,9,,"KÖYLERİMİZ: Bugün nasıldır? Dün nasıldı? Yarın nasıl olmalıdır? XIX — Sıcak bölge koyunculuğu",H. Reşit Tankut,makale (dizi),"koyunculuk; sürü; circib; deşt; yaylacılık; kasaplık kuzu; keçi","Urfa; Mardin; Derik; Kızıltepe; Viranşehir; Diyarbakır; Ergani; Bingöl","Akkoyunlu ve Karakoyunlu Türkmenleri","Dizinin 19. yazısı: Urfa-Mardin çöl kenarı düzlüklerindeki süt odaklı koyunculuk, kışın sınıra yakın kuyu/su başlarında (circib) çadırlarda geçirilmesi, harman sonrası köy tarlalarında otlatma ve deşt göçü. Köylülerin ete ulaşamamasını koyun azlığı ve koyunun ihracat malı olmasıyla açıklıyor.","Koyun sahipleri çadır ve çergilerini circib başına kurarak bütün kış orada derbeder bir hayat sürerler.",https://www.gastearsivi.com/gazete/ulus/1939-02-14/9,,bulundu,"Sığırdan çok koyun; S2 mera ve göçerlik bağlamı için. OCR sütunları karışık; yazının tamamı okunmadı (yalnız giriş ve terim bağlamları)."
GA0004,S0;S4,3,gazete,Ulus,1939-01-19,,4,,"KÖYLERİMİZ: Bugün nasıldır? Dün nasıldı? Yarın nasıl olmalıdır? XI",H. Reşit Tankut,makale (dizi),"ahır; kümes; samanlık; otluk; seyyar baytar; hayvan yemi; hayvan ıslahı","","","Dizinin 11. yazısı: köylerin 'kalkınma nisabı' için gereken tesisleri bir liste halinde sayıyor (ev, ahır, kümes, ambar, otluk, samanlık; seyyar baytarlar, ziraat memurları, nümune tarlaları; gübrelik; kuru ve yeşil hayvan yemi; tohum, hayvan ve ağaç ıslahı için köy odası toplantıları).","Ve o tesislerin bulunmadığı yerlerde insanların çalışması hayvanların karın doyurma çabasından başka bir şekil alamaz.",https://www.gastearsivi.com/gazete/ulus/1939-01-19/4,,bulundu,"Dizinin öteki bölümleri (I–XXI, Kasım 1938–Şubat 1939) Ulus'ta sistemli aranmalı; Aralık 1938 sayıları Gaste'de yok."
GA0005,S1;S2;S3,1,gazete,Ulus,1939-02-08,,6,,"Çankırı bölgesinde hayvancılık işleri vilâyete mühim faydalar temin ediyor",Kadri Korman,muhabir haberi (fotoğraflı),"hayvancılık; sığır; manda; damızlık boğa; ıslah; şarbon; kelebek; tiftik; yün; deri; hayvan ihracı","Çankırı; Ankara; Zonguldak; İstanbul; İzmir","","1938 sayımına göre Çankırı'da 185.051 koyun, 259.264 tiftik keçisi, manda 136.42[?] ve sığır 106.277; hayvan artışının koyun-keçiden çok öteki hayvanlarda olduğu, hayvancılığın ıslaha muhtaç olduğu ve damızlık boğa dağıtımına büyük istek bulunduğu bildiriliyor. 1937'de sığır, koyun, keçi ve tiftik-yün-deri vilayetin tek ihracatı; Ankara, Zonguldak, İstanbul ve İzmir'e sevkıyatla 310.400 lira gelir.","Vilâyetin iktısadiyatında çok mühim rol oynıyan hayvancılık şüphesizdir ki ıslaha muhtaçtır. Damızlık boğa tevzii büyük bir istek halindedir.",https://www.gastearsivi.com/gazete/ulus/1939-02-08/6,,bulundu,"Altyazılı fotoğraf: 'Çankırı'da bir manda ve sığır sürüsü ve keçiler'. Manda sayısı OCR'da '136.42' (eksik hane?) [?]. Aynı konu 1939-03-15 s.6'da da var (Blok A penceresi dışı)."
GA0006,S3,2,gazete,Ulus,1939-01-31,,6,,"Erzincan'da baytari çalışmalar",,muhabir haberi,"baytari; veba; seroloji; hayvan verem; teşhis tableti","Erzincan; şark vilâyetleri","Erzincan Seroloji Müessesesi","Erzincan Seroloji Müessesesi'nin çalışmalarıyla doğu vilayetlerinde veba hastalığının kalmadığı; müdürün hayvan veremini göze konan bir tabletle iki-üç saatte teşhis eden bir yöntem bulduğu bildiriliyor.","Seroloji müessesesi şark vilâyetlerimizde tek veba hastalığı bırakmamıştır.",https://www.gastearsivi.com/gazete/ulus/1939-01-31/6,,bulundu,"Müdürün adı OCR'da okunamıyor ('Mü üdürü') [?]. Göz testi tarifi tüberkülin/mallein oftalmik testine benziyor (yorum, doğrulanmalı)."
GA0007,S1;S2,1,gazete,Ulus,1939-01-30,,6,,"Trakya'da hayvan yetiştirme: Üç sene evel açılan çiftlik 350 adet damızlık verdi",,muhabir haberi (fotoğraflı),"damızlık; boğa; inek; aşım durağı; suni tohumlama; veteriner; yonca; hayvan gıdası","Edirne; Kırklareli; Tekirdağ; Çanakkale; İnanlı","Trakya Umumi Müfettişliği; İnanlı aygır deposu","Trakya'da Umumi Müfettişliğin üç yıl önce açtığı boğa ve tay büyütme çiftliklerinin 350 baş kadar damızlık ve tay verdiği; aşım duraklarının 18 yeni durakla 41'e çıkacağı, en az 6 merkezde veteriner nezaretinde suni tohumlama yapılacağı, İnanlı aygır deposunun at ve inek kadrosunun artırılacağı, boğaların köylerce tercih edildiği ve yonca yetiştirme üzerinde çalışıldığı bildiriliyor.","Umumi Müfettişliğin üç sene evel açtığı ve idare etmekte olduğu boğa ve tay büyütme çiftlikleri 350 baş kadar damızlık ve yetişmiş tay vermiştir.",https://www.gastearsivi.com/gazete/ulus/1939-01-30/6,,bulundu,"Fotoğraf altyazısı: 'İnanlı aygır deposunda yetişen boğalardan'. OCR sütunları karışık, bir kısmı eksik; kısa alıntı OCR'dan birleştirildi. GA0001'deki Trakya bilgisiyle (7 bin inek tescili, 100 boğalık çiftlik) karşılaştırılmalı."
GA0008,S2;S3,2,gazete,Ulus,1939-02-20,,6,,"Trakya'da peynircilik",,muhabir haberi,"peynircilik; mandıra; hayvancılık; sıhhi bina","Edirne; Trakya","","Trakya'da peynirciliğin düzene konması için alınan tedbirler: harp içindeki hileli uygulamalarla sarsılan Trakya peynirinin itibarı için mandıra sayısı azaltılmış, 'teksif usulü'ne geçilmiş, mandıralar kiremitli, beton döşemeli, tel kafesli sıhhi binalara alınmış, peynir yapım yerleri ile ustaların oturma yerleri ayrılmış ve mandıralar tozlu geçit yerlerinden uzaklaştırılmış; sonuçta fiyatlar artmış.","Bu plâna göre mandıra adetleri azaltılmış, teksif usulüne varılmış ve bütün mandıralar kiremidli modern ve sıhhi binalar altına alınmıştır.",https://www.gastearsivi.com/gazete/ulus/1939-02-20/6,,bulundu,"1929 Mandıra ve Ağıllar Kanunu bağlamı (öncelikli doğrulama: 'ağıl kanunu') için ilgili. Süt hayvanı türü belirtilmemiş (koyun/inek)."
GA0009,S0;S2,1,gazete,Ulus,1939-02-10,,9,,"KÖYLERİMİZ: Bugün nasıldır, dün nasıldı, yarın nasıl olmalıdır? XVI — koyunculuk",H. Reşit Tankut,makale (dizi),"koyunculuk; sığır eti; keçi; et gıdası; hayvancılık; manda; yayla; step","Anadolu","","Dizinin 16. yazısı: koyunculuğu Anadolu köylüsünün 'gıda, sıhhat, zekâ ve enerji' meselesi olarak sunuyor; Anadolu'da başlıca etin koyun olduğunu, sığır etinin hiçbir zaman genel olamayacağını, 'keçi fukara ineği' ise koyunun nüfusça fakir memleketlerin serveti olduğunu savunuyor. Anadolu'nun dört imkânı (ziraat, hayvancılık, orman, maden) içinde yayla ve steplerde hayvan beslemenin her bölgede mümkün olduğunu yazıyor.","Anadolu'da nüfus taşacak kadar artsa bile koyunculuk ehemmiyetini asla kaybetmiyecek ve Anadolu'nun domuz hatta sığır yiyeceği gün belki hiç gelmiyecektir.",https://www.gastearsivi.com/gazete/ulus/1939-02-10/9,,bulundu,"Sığır karşıtı/koyun yanlısı söylem için önemli. Yazının devamında manda ve hayvancılık geçen yerler (OCR konum 14520-17312) okunmadı. Tankut dizisi: XI (19 Oca), XVI (10 Şub), XIX (14 Şub), XXI 'Köycülük' (22 Şub)."
GA0010,S0;S2,2,gazete,Ulus,1939-01-14,,5,,"İstanbul'da et fiatları",,telefon haberi,"et narhı; sığır eti; celep; hayvan borsası; kasap","İstanbul","İstanbul Belediyesi; celepler; Ziraat Kurumu","Celepler ve ziraat kurumu İstanbul Belediyesine başvurarak narha tabi Karaman, Dağlıç ve sığır eti fiyatlarının yükseltilmesini istemiş; belediyenin hayvan borsasında yaptığı incelemede bu etlerin (canlı hayvan) fiyatlarındaki yükseklik tespit edilmiş, belediye fiyatı yükseltmek için karar vermek üzere.","Celeple ve ziraat kurumu belediyeye müracaat ederek narha tabi bulunan Karaman, Dağlıç ve sığır etleri fiyatlarının yükseltilmesini istemişlerdir.",https://www.gastearsivi.com/gazete/ulus/1939-01-14/5,,bulundu,"OCR'da haber başka bir sütunla iç içe; son cümle eksik ('kasaplar' geçen kısım okunamadı). İBB üzerinden İstanbul gazetelerinin aynı günkü haberleriyle karşılaştırılabilir."
GA0011,S1;S4,3,gazete,Ulus,1939-01-09,,2,,"Su ve süt! (kısa fıkra yazıları sütunu)",,fıkra/mizah,"inek; süt verimi; cins inek","İstanbul","","Bir İstanbul gazetesinin, şehirdeki ineklerin yeterli süt vermediği ve süt verimini artırmak için cins inekler getirileceği haberine; terkos filtresinin bozulup şehrin üç gün susuz kalmasıyla ilişki kuran alaycı not.","Bir gazete, İstanbul'daki ineklerin kâfi derecede süt vermediğinden şikâyet ediyor ve bu sebeple bir takım cins ineklerin getirilip süt veriminin arttırılacağını haber veriyor.",https://www.gastearsivi.com/gazete/ulus/1939-01-09/2,,bulundu,"Sütun adı ve yazarı OCR'dan çıkarılamadı. Söz konusu İstanbul haberi (cins inek ithali, Ocak 1939) İBB gazetelerinde aranmalı."
GA0012,S4;S0,2,gazete,Ulus,1939-01-03,,10,,"Göçmenlerle beraber... Sincanköy'de Romanya'dan gelen ırkdaşlarımız yeni bir hayat yaratıyorlar I",,röportaj (fotoğraflı),"öküz; öküz arabası; ahır; göçmen köyü; iskân","Sincanköy; Ankara; Romanya","göçmenler","Romanya'dan gelen göçmenlerin bir hafta önce yerleştiği yeni Sincanköy'den fotoğraflı röportaj: eski köyün çamurlu 'karikatür' görüntüsüne karşı modern yeni köy; göçmenlerin öküz arabalarıyla ocaklardan tuğla taşıyıp evlerinin arkasındaki ahır duvarlarını ördükleri anlatılıyor.","Dün avşam, dedi, orada tuğla hazırlayıvedik, şimdi onları taşımağa gidiyordum. Evin arkasındaki ahırın divarlarını örecektim de...",https://www.gastearsivi.com/gazete/ulus/1939-01-03/10,,bulundu,"Fotoğraf altyazıları: 'Sevimli ve neşeli Gülsüm öküzlerini evine götürüyor'; 'Yüzünden sıhat fışkıran bir türk kızı, öküzünün başında'. Dizinin II. bölümü muhtemelen 1939-01-11 s.10 (açılmadı)."
GA0013,S0,2,gazete,Ulus,1939-01-01,,1;8,,"Başvekilimiz Celâl Bayar ve Ziraat Vekilimiz Faik Kurdoğlu dün gece Halkevinde köylüler arasında / Köylülere karşı rejimle ... (Birinci Köy ve Ziraat Kalkınma Kongresi veda müsameresi)",,haber,"Köy ve Ziraat Kalkınma Kongresi; köylü âza; kongre murahhasları; radyo","Ankara; Oltu; Antalya","Celâl Bayar; Faik Kurdoğlu; Ankara Halkevi; Yüksek Ziraat Enstitüsü; Oltu köylüsü Hüseyin; Antalya köylüsü Akif Sarıoğlu [?]","Birinci Köy ve Ziraat Kalkınma Kongresi âzaları şerefine 31 Aralık gecesi Ankara Halkevi'nde verilen veda ve yılbaşı müsameresi: zirai öğretici filmler, Yüksek Ziraat Enstitüsü'nde yemek yiyen 300 kadar köylü âza, Başvekil'in köylüler arasına karışması ve köylü hatiplerin (Oltu köylüsü Hüseyin vb.) konuşmaları; s.8'de kongre murahhaslarının saat 12'de Radyoevi'nden millete hitabı.","Birinci Köy ve Ziraat Kalkınma Kongresi âzaları şerefine dün Halkevi salonlarında, aynı zamanda yeni yılı da beraberce kutlamak maksadiyle bir vedâ müsameresi tertip edilmiş",https://www.gastearsivi.com/gazete/ulus/1939-01-01/1,,bulundu,"Devamı s.8: https://www.gastearsivi.com/gazete/ulus/1939-01-01/8. s.8 OCR'ı çok bozuk (radyo konuşmaları okunamıyor). Başvekilin sözü s.1 manşette: 'BİZİM İÇİN ESAS HALKIN FİKİRLERİ HALKIN İSTEKLERİDİR'. Büfede Orman Çiftliği mamulatı (yoğurt, peynir, süt, ayran) ikram edildiği yazıyor."
GA0014,S0,2,gazete,Ulus,1939-01-01,,8,,"1938 yılının olayları (yıl özeti; Atay başyazısının devamı yanında)",,yıl özeti,"hayvanlar vergisi","Türkiye","","1938'de yapılan işlerin listesi içinde 'Hayvanlar vergisi indirilmiştir' maddesi; aynı listede Devlet Ziraat İşletmeleri Kurumu'nun kurulması, yeni iskân kanunu ve ticaret anlaşmaları da sayılıyor.","Hayvanlar vergisi indirilmiştir.",https://www.gastearsivi.com/gazete/ulus/1939-01-01/8,,bulundu,"1931 Davar ve Ehli Hayvanlar Vergisi'nin 1938 indirimi (Blok B olay penceresi) için çapraz kayıt. Listenin başlığı OCR'da okunamadı [?]."
GA0015,S0,2,gazete,Ulus,1939-01-06,,4,,"Ziraat ve Köy Kalkınmasında mali unsurlar",Kemal Ünal,makale,"Köy ve Ziraat Kalkınma Kongresi; hayvanlar vergisi; zirai kredi; vergi indirimi; hayvan mahsulleri ihracatı","Türkiye","Celâl Bayar; Birinci Köy ve Ziraat Kalkınma Kongresi; Ziraat Bankası","Birinci Köy ve Ziraat Kalkınma Kongresi'nin mali dileklerini üç başlıkta tasnif eden yazı: bazı vergilerin azaltılması/kaldırılması, bütçelerde köy ve ziraat tahsisatının artırılması, devlet zirai istihsal kredisinin ucuzlatılıp bollaştırılması. Bayar'ın kongre nutkundan rakamlar (ziraatin milli gelirdeki payı %70; toprak ve hayvan mahsullerinin ihracattaki payı 1933'te %89, 1937'de %91); aşarın kaldırılması, 1932 vergi tadilleri ve geçen yıl hayvanlar vergisinin yarı yarıya indirilmesi hatırlatılıyor.","Daha geçen yılda hayvanlar vergisi yarı yarıya indirildi.",https://www.gastearsivi.com/gazete/ulus/1939-01-06/4,,bulundu,"Kongre kararlarının basındaki ilk değerlendirmelerinden. Zirai kredi rakamları (16 milyon → 43 milyon) OCR'da kısmen okunuyor [?]. GA0014 ile birlikte hayvan vergisi indirimi (1938) için."
GA0016,S1;S2,1,gazete,Ulus,1938-11-27,,6,,"Trakya'da hayvan yetiştirme işleri ilerliyor",,muhabir haberi,"boğa; damızlık; tavukçuluk; arıcılık; nümune ağıl çiftliği; koyun sürüsü","Edirne; Trakya; Çorlu; Oflas çiftliği; İnanlı","Trakya Umumi Müfettişliği; İnanlı devlet deposu; Adliye Vekâleti (Edirne cezaevi)","Trakya'da tavuk-yumurta ihracatının bir milyon liraya yaklaştığı, 105 fenni kümes istasyonu açıldığı; Çorlu'daki Oflas çiftliğinde yetiştirilen 110 boğanın bir ay içinde köylere dağıtılacağı ve gelecek yıl yavruların toplanıp satın alınması için kazalara heyet çıkacağı; bunların Umumi Müfettişlikçe Trakya kalkınmasını gösteren filme alınıp köylerde gösterileceği; Edirne'deki nümune ağıl çiftliğinin koyun sürüsünün İnanlı'ya nakledildiği ve çiftliğin cezaevi için satın alınacağı bildiriliyor.","Çorlu'nun Oflas çiftliğinde çok iyi yetiştirilmiş olan 110 boğa bir aya kadar köylere dağıtılacak ve önümüzdeki sene içinde yeni yavruları toplamak ve satın almak üzere gene bir aya kadar bir heyet kazalara çıkacaktır.",https://www.gastearsivi.com/gazete/ulus/1938-11-27/6,,bulundu,"Boğa dağıtımının propaganda filmine alınması (S1 görsel kültür) dikkat çekici. GA0007 (1939-01-30) ve GA0001 ile Trakya boğa programı dizisi."
GA0017,S3,3,gazete,Ulus,1938-11-19,,5,,"Yakalanan kaçakçılar",,kısa haber,"kaçak hayvan; kesim hayvanı; gümrük; hudut kaçakçılığı","","Gümrük Muhafaza teşkilatı","Gümrük muhafaza teşkilatının bir hafta içinde 69 [?] kaçakçı, 2.333 kilo gümrük kaçağı, 22.520 defter sigara kâğıdı, 216 lira, 20 kaçakçı hayvanı ve 37 kesim hayvanı ele geçirdiği.","yirmi kaçakçı hayvanı ile otuz yedi kesim hayvanı ele geçirmiştir",https://www.gastearsivi.com/gazete/ulus/1938-11-19/5,,bulundu,"Haftalık gümrük bülteni tipi haber: 'kesim hayvanı' kaçakçılığı S3 (sınır) için seri halinde izlenebilir. Kaçakçı sayısı OCR'da 'sek dokuz' [?]."
GA0018,S0;S4,1,gazete,Ulus,1939-02-17,,9,,"KÖYLERİMİZ: Gıda meselesi",H. Reşit Tankut,makale (dizi),"et; süt; yağ; inek; davar; kasap; gıdasızlık; köy sefaleti","","","Tankut, 10.2.939 tarihli yazısının (bkz. GA0009) devamı olarak köylünün gıdasızlığını işliyor; bir köy öğretmeninin (?) gözlemlerinden uzun alıntılarla köylünün et, süt ve yağa ulaşamadığını, sütü 'çalınan' inek için muska isteyen kadını ve kesilen bir davarın bağırsaklarına köpeklerle birlikte üşüşen çocukları aktarıyor; köylünün ete ilgisizliğinin ulaşma imkânsızlığından kaynaklandığını savunuyor.","Köylü, etin, sütün, yağın ne demek olduğunu bilmez gibi görünüyorsa bu, ona kavuşmanın kabil olmadığına inandığı içindir.",https://www.gastearsivi.com/gazete/ulus/1939-02-17/9,,bulundu,"Alıntılanan tanıklıkların kaynağı (öğretmen/doktor raporu?) OCR'dan çıkarılamadı [?]. Aynı sayfada 'manda' ve 'baytar' geçen başka metinler var (okunmadı). Dizinin bu bölümü numarasız görünüyor."
GA0019,S1;S4;S3,2,gazete,Ulus,1939-02-27,,5,,"Son beş sene içinde bütün memleketteki resmî inşaata ait: Rakamlar ve izahlar",,istatistik dizi,"inekhane; ahır; aygır deposu; hara; baytar korunma evi","Göle; Kars; İnanlı; Tekirdağ; Karacabey; Bursa; İçel","Karacabey harası; Göle inekhaneleri; İnanlı inekhanesi; İnanlı aygır deposu","Son beş yılda vilayet vilayet resmî inşaat listesi; hayvancılıkla ilgili kalemler: Karacabey harası kısrak ahırı (56.747 lira), Karacabey Kızılhan ahırı, aygır deposu ve tay ahırları; İçel'de baytar korunma evi (12.911 lira); Kars'ta Göle inekhaneleri (56.889 lira); Tekirdağ'da İnanlı aygır deposu (20.249) ve İnanlı inekhanesi (38.159 lira).","56889 liraya Göle inekhaneleri / 38159 İnanlı inekhanesi",https://www.gastearsivi.com/gazete/ulus/1939-02-27/5,,bulundu,"S4 ahır mimarisi ve devlet inekhaneleri için maddi veri. Dizinin önceki ve sonraki bölümleri 26 ve 28 Şubat 1939 sayılarında (devlet inşaatı / hususi inşaat). Rakamların bir kısmında OCR hatası olabilir [?]."
GA0020,S2;S3,2,gazete,Ulus,1939-02-13,,6,,"İzmir mezbahası",,muhabir haberi,"mezbaha; kan gübre; hayvan satış pazarı; buz imalathanesi","İzmir; Almanya","İzmir Belediyesi","İzmir mezbahasının belediyeye geçtikten sonra ıslahı: yabancı mütehassısların yerine Türk elemanlar yetiştirilmiş, yeni makine ve tesisat alınmış, buz imalathanesi güçlendirilecek, 'kan gübre' üretimi düzene sokulmuş (şimdilik alıcısı Almanya), mezbaha civarında bir hayvan satış pazarı açılması ve bunun için istimlak düşünülüyor.","Mezbahada, “kan gübre” istihsalâtı da intizama alınmıştır. Bu gübrenin şimdilik müşterisi Almanya'dır.",https://www.gastearsivi.com/gazete/ulus/1939-02-13/6,,bulundu,"Aynı sayfada Edirne belediyesinin yaptırmak zorunda olduğu mezbaha ve soğuk hava deposu da anılıyor (Edirne'de inşa çalışmaları haberi)."
GA0021,S4;S2;S0,1,gazete,Ulus,1939-01-24,,4,,"KÖYLERİMİZ: Bugün nasıldır? Dün nasıldı? Yarın nasıl olmalıdır? XIV",H. Reşit Tankut,makale (dizi),"köy evi; ahır; sağmal inek; nahır; süt verimi; koyun; yem; kümes; hava ve ışık","","Celâli, Sarıca, Deli (tarihsel zorba kuvvetler); Bulgar idarecileri","Dizinin 14. yazısı: köy evlerinin bitişik ve 'köstebek yuvası' gibi kuruluşunu Celali dönemi ve zorbalara karşı korunma ihtiyacına bağlıyor ve evlerin birbirinden ayrılarak her birinin 2 dönümlük tarla ortasında bir 'istihsal ünitesi' olmasını öneriyor. İdeal evde bahçe, sebze, meyve, kuyu ve ev ile ahır; ahırın bahçeye bakan önünde bağlı sağmal inek, bahçe artıklarıyla beslendiği ve nahıra gitmediği için başkalarının iki kilo verdiği sütün dört kilosunu veriyor; yanında sofra artıklarıyla geçinen dört koyun.","Bu tarzda kurulmuş evlerde ahırın bahçeye bakan ön tarafında sağmal bir inek bağlıdır. Ev kadını bahçesini çapaladıkça çıkan yeşillikleri onun önüne atar, Bu inek nahırla uzaklara gidip yorulmadığı için sütü kuruyup çekilmez.",https://www.gastearsivi.com/gazete/ulus/1939-01-24/4,,bulundu,"S4 (ev, ahır) ve S1 (nahır yerine ahırda besi) için çok önemli. Köylünün yoksulluğu bir 'müdafaa silahı' olarak sunuluyor ('Size, konak hayvana ahır mı? yok'). Tam metin metin/ klasöründe (ilk ~6000 karakter)."
GA0022,S1;S4;S0,1,gazete,Ulus,1939-02-08,,9,,"KÖYLERİMİZ: Bugün nasıldır, dün nasıldı, yarın nasıl olmalıdır? XV — 1: Koyuncu köyler",H. Reşit Tankut,makale (dizi),"damızlık sığır; tohumluk sığır; boğa; inek; ahır; behni (yemlik); saman; öküz; yeşil ve kuru yem; cins ve cüsse","Trakya; Muratlı","Umumi Müfettiş General Kâzım Dirik; M. James","Tankut, ara verdiği diziye yeniden başlıyor. Islahın tarla, ahır ve makine hangarıyla sınırlı kalıp köy evini ıslah etmezse yalnız şehir ve büyük çiftliklere yarayacağını savunuyor. Kanıt olarak kaymakamlığı sırasında kazasına gönderilen 13 baş damızlık sığırın hikâyesini anlatıyor: hayvanlara sığacak ahır bulunamamış, yalnız saman verildiği için 'açlık grevi' yapmışlar, biri yemliği duvarla birlikte yıkmış, inekler boğalardan kaçmış, bir yılda hepsi ölmüş. Karşıt örnek olarak Trakya köylerini ve Muratlı'da yeşil ve kuru yemle beslenmiş iri öküzleri olan köylüyü veriyor.","Görülüyor ki ahır ile hayvan aynı çapta olmazsa ya inek ölüyor, ya ahır yıkılıyor.",https://www.gastearsivi.com/gazete/ulus/1939-02-08/9,,bulundu,"Damızlık ithali/dağıtımının köy altyapısıyla uyumsuzluğuna dair birinci elden tanıklık (Tankut'un kaymakamlık yılları; kaza adı verilmemiş). S1–S4 ilişkisi için anahtar metin. Tam parça metin/ klasöründe."
GA0023,S0,3,gazete,Ulus,1939-01-04,,4,,"Köylerimiz (okurlara duyuru)",,duyuru,"Köylerimiz dizisi","","Hasan Reşit Tankut","Profesör Hasan Reşit Tankut'un rahatsızlığı nedeniyle 'Köylerimiz' adlı seri makalesine devam edemediğini bildiren kısa not.","Profesör Hasan Reşit Tankut rahatsız olduğundan “Köylerimiz” ismindeki seri makalesine devam edememiştir.",https://www.gastearsivi.com/gazete/ulus/1939-01-04/4,,bulundu,"Dizinin kongre öncesinde (büyük olasılıkla Aralık 1938'de, Gaste'de olmayan sayılarda) başladığını gösteriyor. Ulus'taki dizi sayfaları (arama 'Tankut'): 01-03/4?, 01-13/4, 01-14/4, 01-16/4, 01-17/4, 01-19/4, 01-22/4, 01-23/4, 01-24/4, 02-08/9, 02-10/9, 02-12/9, 02-13/9, 02-14/9, 02-17/9, 02-19/9, 02-22/9. Açılmayanlar sonraki oturuma."
GA0024,S2;S4;S1,1,gazete,Ulus,1939-02-13,,9,,"KÖYLERİMİZ: Bugün nasıldır, dün nasıldı, yarın nasıl olmalıdır? XVIII — ağıl ve yaylacılık",H. Reşit Tankut,makale (dizi),"ağıl; çoban; çöne; çomar; tezek; gübre; sağmal; yaylacılık; mera; nöbetleme; yörük; inek","Ankara; Mudurnu; Beypazarı; Mali köyü; Ankara çayı; Uşak; Alaşehir; Aydın; Söke; Murat, Elma, Ahır, Kızıldağ ve Elmadağ yaylaları","Tekeli, Kızılkeçili, Kaçar yörükleri","Dizinin 18. yazısı: Ankara çevresindeki büyük kış ağılları ve 'idare heyeti' (çoban, çöne, çomar); ağılda tezek ateşinde kızdırılmış taşlarla süt kaynatma; Hıdrellez'e kadar sağılmayan, kasaplık kuzuya dönük koyunculuğun Ankara başkent olduktan sonra arttığı; ağıl gübresinin kesekler halinde köye taşınıp yakacak olarak kullanılması; nöbetleme ekimde dinlenen tarlanın mera işlevi; Uşak civarı yörüklerinin (Tekeli, Kızılkeçili, Kaçar) geçitlerin ekilmesi ve köylülerle çatışma yüzünden koyunu bırakıp daha çok inek beslemeye başladıkları.","Uşak civarı yörükleri sırf bu yüzden koyunu bırakmış bulunuyorlar. Tekeli, Kızılkeçili, Kaçar gibi yörükler şimdi daha fazla inek besliyorlar.",https://www.gastearsivi.com/gazete/ulus/1939-02-13/9,,bulundu,"Dizi numarası OCR'da 'XVILI' = XVIII [?]. S4 (tezek ve ağıl gübresinin yakacak olarak kullanımı) ve koyundan ineğe geçiş (S1/S2) için önemli. 'Ağıl kanunu' önceliği için de bağlam. Yazının tamamı okunmadı."
GA0025,S0,3,gazete,Ulus,1939-01-13,,4,,"Köylerimiz: Bugün nasıldır, Dün nasıldı, Yarın nasıl olmalıdır? VI [?]",H. Reşit Tankut,makale (dizi),"köy mektebi; küçük köyler; köy dağınıklığı; yayla","","","Dizinin 6. (?) yazısı: küçük ve dağınık köylere mektep yaptırmanın sonuçsuzluğu; Tankut'un kendi döneminde 'bir alay köy mektebi' yaptırdığı ama dört duvar ve bir öğretmenle sorunun çözülmediği; nedeninin köylerin dağılış ve kuruluş şekilleri ile küçüklüğü olduğu. Hayvancılıkla doğrudan ilgisi zayıf.","Bunun da biricik sebebi köylerimizin dağılış, kuruluş şekilleri ve küçüklüğüdür.",https://www.gastearsivi.com/gazete/ulus/1939-01-13/4,,bulundu,"Dizi numarası OCR'da 'VI' olarak okunuyor; 19 Ocak'taki XI ile birlikte dizinin Ocak başında yeniden başladığını düşündürüyor [?]. Aynı sayfada kumar davası röportajı iç içe."
GA0026,S2;S0,2,gazete,Ulus,1939-01-17,,4,,"KÖYLERİMİZ: Bugün nasıldır? Dün nasıldı? Yarın nasıl olmalıdır? X — köylerin geçim tipleri",H. Reşit Tankut,makale (dizi),"nahır; yayım; koşu hayvanı; sağmal; hususi yem; davarcı köyler; göçer; kışlak","Albistan ovası","","Dizinin 10. yazısı: köyleri 13 geçim tipine ayırıyor (kuru ziraat, sulu ziraat, sanayi ziraati, bağcılar, çerçiler, gurbetçiler, maden işçileri, davarcı köyler, orman içi köyleri, nakliyeciler vb.). Köylerin üçte ikisini oluşturan kuru ziraat köylerinde hayvanların nahır halinde uzak yerlerde yayıldığı ve 'daima yarı aç' olduğu; sulu ziraat köylerinde ise koşu ve sağmal hayvanlara yayımdan başka hususi yem verilebildiği ve 'hayvan ve insanın tok' olduğu; davarcı köylerin yerli, yarı göçer ve tam göçer diye üçe ayrıldığı; orman içi köylerinin kışlakları olmadığı için hayvan besleyemediği.","Hayvanları nahır halinde uzak yerlerde yayılır; daima yarı açtır.",https://www.gastearsivi.com/gazete/ulus/1939-01-17/4,,bulundu,"Köy tipolojisi; S2 (yem/yayım) için temel çerçeve. OCR'da tip numaraları karışık (8 iki kez). Sayfa radyo programı ve tefrikayla iç içe."
GA0027,S0,3,gazete,Ulus,1939-01-16,,4,,"KÖYLERİMİZ: Bugün nasıldır? Dün nasıldı? Yarın nasıl olmalıdır? IX — Köylerimizi nasıl toplıyalım ve ne tarzda yerleştirelim?",H. R. Tankut,makale (dizi),"köy toplama; iskân; beşeri coğrafya; possibilisme","","Ritter; Ratzel; Vidal de la Blache","Dizinin 9. yazısı: köylerin toplanması ve yerleştirilmesi sorusuna beşeri coğrafya ekolleri (Ritter, Ratzel, Vidal de la Blache'ın possibilisme'i) üzerinden giriş. Hayvancılık terimi geçmiyor.","Bu mektebe göre, arazi sayısız imkânlar hazırlamıştır.",https://www.gastearsivi.com/gazete/ulus/1939-01-16/4,,bulundu,"Dizinin kuramsal çerçevesi (S0) için; sığır içeriği yok. Kayıt dizinin bütünlüğü için tutuldu."
GA0028,S0,3,gazete,Ulus,1939-01-22,,4,,"KÖYLERİMİZ: Bugün nasıldır? Dün nasıldı? Yarın nasıl olmalıdır? [XII–XIII ?] — ideal köy büyüklüğü",H. Reşit Tankut,makale (dizi),"köy büyüklüğü; köy nüfusu; yüz haneli köy","Anadolu","","Anadolu'da ideal köyün yüz haneden (yaklaşık 500 nüfus) başlaması gerektiğini, daha küçük köylerde köy sandığı ve ihtiyar heyetinin iş göremeyeceğini savunuyor; 500'den az nüfuslu 31.626 köy ile 500–2000 nüfuslu 6.720 köy istatistiğini veriyor. Hayvancılık terimi geçmiyor.","Anadoluda ideal köy yüz haneliden başlamalıdır.",https://www.gastearsivi.com/gazete/ulus/1939-01-22/4,,bulundu,"Dizi numarası OCR'da okunamadı. Köy ölçeği tartışması, GA0022'deki 'küçük köylerde damızlık hayvan yaşamaz' savının arka planı."
GA0029,S4;S0,3,gazete,Ulus,1939-01-23,,4,,"KÖYLERİMİZ: Bugün nasıldır? Yarın nasıl olmalıdır? XIII — köylerin toplanması ve köy tipleri",H. Reşit Tankut,makale (dizi),"çayırlı köy; ehli hayvan; kümes; yalak; meydanlı köy; yarı göçer","","Çinliler (tarihsel örnek)","Dizinin 13. yazısı: dağınık köyleri ve yarı göçerleri merkezlerde toplama örnekleri (Çin'in kuzey sınırındaki Türkleri toprağa bağlama planı) ve köy tiplerinin morfolojik sınıflaması; 'çayırlı köyler'de evlerin geniş bir çayırın etrafında hilal ya da daire şeklinde dizildiği ve daha çok kümes ve ehli hayvan yetiştirildiği; 'meydanlı köyler'de meydanda ortak kuyu, yalak ve ocak bulunduğu.","Buralarda daha ziyade kümes ve ehli hayvan yetiştirilir.",https://www.gastearsivi.com/gazete/ulus/1939-01-23/4,,bulundu,"Dizi numarası OCR'da 'XITI' = XIII [?]. Köy morfolojisi ile hayvan (çayır, yalak) ilişkisi için S4'e küçük katkı."
GA0030,S2;S0,2,gazete,Ulus,1939-02-12,,9,,"KÖYLERİMİZ: Bugün nasıldır, dün nasıldı, yarın nasıl olmalıdır? XVII — koyuncu köyler ve step koyunculuğu",H. Reşit Tankut,makale (dizi),"koyuncu köyler; yaylak; kışlak; ağıl; step; kış azığı; ihtiyat ot; saman; telefat","Anadolu","","Dizinin 17. yazısı: koyuncu köylerin tarihsel sarsıntısı; yaylak ile kışlak arasındaki küçük çiftçi köyleri ile koyuncular arasında tarlaların çiğnenmesi yüzünden süren mücadele ve koyuncuların yenilmesi; sabit koyuncu köylerin oluşumu. Step koyunculuğunda sürülerin kuytu yerlerde ağıllarda barındırıldığı, kış azığının çalı kurutularak yapıldığı ve 'talihin kışın emeksiz yem bulmasında' olduğu; kalın karda ağıllara saman taşındığı ama elden yemlenmeye alışmamış step koyunlarının kırıldığı anlatılıyor.","Step koyunculuğunun talihi kışın emeksiz yem bulmasındadır.",https://www.gastearsivi.com/gazete/ulus/1939-02-12/9,,bulundu,"Yem/kış telefatı (S2) ve koyuncu–çiftçi çatışması için; GA0001'deki 1937–38 kışı 1,5 milyon koyun-keçi kaybıyla birlikte okunabilir."
GA0031,S2;S0;S1,1,gazete,Ulus,1939-02-19,,9,,"KÖYLERİMİZ — Netice (koyuncu köyler hakkında sonuçlar)",H. Reşit Tankut,makale (dizi),"koyunculuk; davar; etlik hayvan; step; koyuncu köy; ağıl; yem; ihracat; milli müdafaa","Orta Anadolu yaylası; step","","Koyuncu köyler bölümünün sonuç yazısı: koyunculuğun ihmal edilemeyeceği, gıda, ihracat ve sanayi hammaddesi kaynağı olduğu, nüfus artsa da ekstansif koyunculuğun kalkmayacağı; iklimin 'başka etlik hayvan' yetişmesine az elverişli olmasının koyunculuğa üstünlük verdiği; koyunun savaşta 'canlı ve artabilen bir gıda deposu' olduğu, davar mevcudunun üç katına (elli milyon) çıkarılabileceği. Öneri: Orta yaylanın asıl step kısmı yalnız koyuncu köylere ayrılmalı, orada geniş ziraate izin verilmemeli; bu köyler 100–300 haneli ve standart kuruluşlu olmalı.","6) İklimin başka etlik hayvan yetişmesine az müsait olması koyunculuk lehine bir üstünlük kaydediyor.",https://www.gastearsivi.com/gazete/ulus/1939-02-19/9,,bulundu,"GA0009 ile birlikte Tankut'un sığır yerine koyun merkezli hayvancılık programı. Step bölgesinin ziraate kapatılması önerisi S2 mera politikası için önemli. Yazının devamı (köy planı A–?) okunmadı."
GA0032,S0;S1,3,gazete,Ulus,1939-01-14,,4,,"Köylerimiz: Bugün nasıldır? Dün nasıldı? Yarın nasıl olmalıdır? VIII [?]",H. Reşit Tankut,makale (dizi),"debbağlık; deri; hayvan cinsi; köy sanatları","İnebolu; Çankırı; Kastamonu","İsmet İnönü (Milli Şef); Şirket-i Hayriye","Dizinin 8. (?) yazısı: İnönü'nün Kastamonu, İnebolu ve Çankırı gezisinde köylüye kazancını sorması üzerinden küçük köy sanatlarının desteklenmesi çağrısı. Örnek olarak debbağlık: hayvan cinsi bozulup deriler 'paçavra haline' gelince bu sanatın da kötüleştiği, ama bol suyu ve mazısı olan kasabalarda hâlâ yaşadığı.","Hayvan cinsi bozulup, derileri paçavra haline gelince bu sanat ta ona muvazi olarak kötüleştikçe kötüleşti.",https://www.gastearsivi.com/gazete/ulus/1939-01-14/4,,bulundu,"Dizi numarası OCR'da 'VHL' (VIII?) [?]. Hayvan cinsinin bozulması ile deri işleme arasındaki bağ (S1)."
GA0033,S4;S1,2,gazete,Ulus,1939-01-11,,10,,"Sincanköy'de Göçmenlerle Beraber II: Vatan vapuruyla vatana kavuştuk",,röportaj (fotoğraflı),"öküz; inek; ahır; tip göçmen evi; tek gözlü inek","Sincanköy; Ankara; Romanya","göçmenler (Gülsüm, Cafer)","Röportajın II. bölümü: göçmenlerin her evin arkasında ahır için ayrılan yerlerin etrafına duvar çekip üstünü kiremitledikleri; üç odalı (biri ocaklı, biri sandık odası) tip evlerin arkasında ahır bulunduğu; Gülsüm'ün yedeğindeki bir çift öküzün gözlerinin farklı renkte olduğu ve köylülerin 'hep böyledir bizim mallar' dediği; muhabirin 'tek gözlü kedileriyle meşhur' Ankara'nın yanı başında Sincan'da şimdi 'tek gözlü inek ve öküzler' bulunduğu esprisi.","Arkada ahır var. Gayet rahat ve kullanışlı yuvalar..",https://www.gastearsivi.com/gazete/ulus/1939-01-11/10,,bulundu,"GA0012'nin devamı. Göçmenlerin Romanya'dan getirdiği sığırlar (göz rengi farklılığı: heterokromi?) S1 için ilginç bir ayrıntı (yorum). Tip göçmen evi planında ahır (S4)."
GA0034,S2;S0,2,gazete,Ulus,1939-01-11,,10,,"İstanbul'un et dâvası: Alınan tedbirlerle fiyatlar yükselmiyor",,haber,"et fiyatları; hayvan borsası; mezbaha; kesim; koyun; spekülatör; mutavassıt","İstanbul","Devlet Ziraat İşletmeleri Kurumu","Devlet Ziraat İşletmeleri Kurumu'nun İstanbul'da et fiyatlarının yükselmemesi için piyasaya girdiği: Aralık ortasında hayvan borsasında ve mezbahada deneme olarak günde 50 koyunla başlayıp günlük kesimi ortalama 400'e çıkardığı; borsadan hayvan almanın yanı sıra kendi çiftliklerindeki sürülerden ve başka vilayetlerden koyun getirdiği; fiyatı yıllık ortalamaya göre belirleyerek kış aylarında fahiş fiyatı önlediği; bundan memnun olmayan 'spekülatör zihniyetli bir kaç mutavassıt' bulunduğu.","Kurum, İstanbul'da harekete geçtiği birinci kânunun ortalarında hayvan borsasında ve mezbahada ilk tecrübe olarak işe başlamış günde 50 koyundan fazla kestirmemiştir.",https://www.gastearsivi.com/gazete/ulus/1939-01-11/10,,bulundu,"GA0010 (14 Oca, celeplerin narh artışı talebi) ile birlikte İstanbul et piyasası çatışması. OCR sütun kenarları kesik ('kurumun bu müspet alâkası')."
GA0035,S4;S0,3,gazete,Ulus,1939-02-26,,5,,"Türkiye'nin inşa dâvası: devlet inşaatı (Cemal Kutay dizisi, 26 Şubat bölümü)",Cemal Kutay,istatistik dizi,"devlet inşaatı; Ziraat Vekâleti bina tahsisatı; Nafia Vekâleti yapı işleri","Türkiye","Nafia Vekâleti Yapı İşleri Umum Müdürlüğü; Ziraat Vekâleti","Dizinin devlet inşaatı bölümü: resmî binaların Nafia Vekâleti yapı işleri teşkilatınca 'ihtiyaç programı'ndan eskize, keşfe uzanan formülleşmiş usulle yapıldığı; 1937 mali yılı vekâletlere göre bina tahsisatları (Ziraat Vekâleti 518.068 lira dahil) ve umumi müfettişliklerin inşaat harcamaları; toplam 10.076.021 lira. Hayvancılık yapılarının ayrıntısı bu bölümde yok (ayrıntı GA0019'da, 27 Şubat).","Ziraat Vekâletine 518.068",https://www.gastearsivi.com/gazete/ulus/1939-02-26/5,,bulundu,"Talep üzerine açıldı. Yazar adı Özet'te 'Cemal Kutay' olarak geçiyor [?]. S4 için yalnız bağlam."
GA0036,S1;S2,3,gazete,Ulus,1939-02-26,,5,,"Ziraat fakültesi son sınıf talebelerinin tetkik seyahati",,kısa haber,"hayvancılık; ziraat sanatları; tetkik seyahati","Çukurova; Mersin; Silifke","Yüksek Ziraat Enstitüsü Ziraat Fakültesi; Prof. Horn, Krause, Gerngross; doç. Şevket Birand, Salâhattin Batu, Ekrem İzmen, Esat Bozkaya, Vamık Tayşı, Sabit [?] Ekin","YZE Ziraat Fakültesi son sınıf öğrencilerinin Alman profesörler ve Türk doçentlerle Çukurova ziraatı ve hayvancılığı, ziraat sanatları fabrikaları, Mersin ve Silifke'de narenciye ve turfanda sebzecilik üzerine 10 günlük inceleme gezisi.","Çukurova ziraati ve hayvancılığı ile ziraat sanatlarına ait fabrikalarda",https://www.gastearsivi.com/gazete/ulus/1939-02-26/5,,bulundu,"YZE kadrosu (S1 uzman ağları, 10_kisi_kurum.json) için isim listesi. 'Salâhattin Batu' sonradan zootekni hocası; doğrulanmalı."
GA0037,S4,3,gazete,Ulus,1939-03-01,,5,,"İNŞA HALİNDE TÜRKİYE 3 — İnşa dâvamızın neresindeyiz? Rakamlar yükseliyor, fakat kalite? (hususi inşaat)",Cemal Kutay [?],istatistik dizi,"mesken sayısı; köy evleri; hususi inşaat; ahşap/kâgir","Ankara; İstanbul; İzmir; Türkiye","","Dizinin hususi inşaat bölümü (27 Şubat'ta 'yarın' denmiş ama 1 Mart'ta çıkmış): 1927 sayımında 2.769.057 mesken; 1935 sayımında yalnız köylerdeki ev sayısı 2.155.590; Ankara, İstanbul ve İzmir'de hususi inşaatın karakteri ve apartman oranları. Ahır, ağıl ya da köy evi yapısına dair ayrıntı yok.","935 nüfus sayımının rakamlarına göre, yalnız köylerdeki ev sayısı 2.155.590 dır",https://www.gastearsivi.com/gazete/ulus/1939-03-01/5,,bulundu,"Talep üzerine arandı: 28 Şubat 1939 s.5'te dizi yok; devamı 1 Mart s.5. Blok A penceresinin bir gün dışında. S4 için yalnız köy ev sayısı."
